INSERT INTO apps (id, name, monthlyCost) VALUES (99, 'App 99', 10.00);
INSERT INTO apps (id, name, monthlyCost) VALUES (98, 'App 98', 20.00);
INSERT INTO apps (id, name, monthlyCost) VALUES (97, 'App 97', 30.00);
INSERT INTO apps (id, name, monthlyCost) VALUES (96, 'App 96', 40.00);
INSERT INTO apps (id, name, monthlyCost) VALUES (95, 'App 95', 50.00);

INSERT INTO clients (id, name, email) VALUES (99, 'Client 99', 'email99@domain.com');
INSERT INTO clients (id, name, email) VALUES (98, 'Client 98', 'email98@domain.com');
INSERT INTO clients (id, name, email) VALUES (97, 'Client 97', 'email97@domain.com');
INSERT INTO clients (id, name, email) VALUES (96, 'Client 96', 'email96@domain.com');
INSERT INTO clients (id, name, email) VALUES (95, 'Client 95', 'email95@domain.com');
INSERT INTO clients (id, name, email) VALUES (94, 'Client 94', 'email94@domain.com');
INSERT INTO clients (id, name, email) VALUES (93, 'Client 93', 'email93@domain.com');
INSERT INTO clients (id, name, email) VALUES (92, 'Client 92', 'email92@domain.com');
INSERT INTO clients (id, name, email) VALUES (91, 'Client 91', 'email91@domain.com');
INSERT INTO clients (id, name, email) VALUES (90, 'Client 90', 'email90@domain.com');

INSERT INTO signatures (id, appId, clientId, startDate, endDate) VALUES (99, 99, 99, '2024-01-20', '2025-01-20');
INSERT INTO signatures (id, appId, clientId, startDate, endDate) VALUES (98, 99, 98, '2024-02-01', '2025-01-01');
INSERT INTO signatures (id, appId, clientId, startDate, endDate) VALUES (97, 97, 98, '2024-03-15', '2025-01-15');
INSERT INTO signatures (id, appId, clientId, startDate, endDate) VALUES (96, 96, 99, '2024-05-06', '2025-01-06');
INSERT INTO signatures (id, appId, clientId, startDate, endDate) VALUES (95, 95, 95, '2024-06-04', '2025-01-04');